{
  "lucien": {
    "idle": {
      "bodyW": 17.77777777777777,
      "bodyH": 26.111111111111114,
      "offsetX": 56.22222222222223,
      "offsetY": 100.66666666666666
    },
    "attack": {
      "bodyW": 43.33333333333333,
      "bodyH": 75,
      "offsetX": 56.22222222222223,
      "offsetY": 51.77777777777777
    },
    "walk": {
      "bodyW": 17.77777777777777,
      "bodyH": 26.111111111111114,
      "offsetX": 43.44444444444445,
      "offsetY": 98.99999999999999
    },
    "hurt": {
      "bodyW": 17.77777777777777,
      "bodyH": 30.555555555555557,
      "offsetX": 52.33333333333334,
      "offsetY": 92.88888888888889
    }
  }
}