{
  "lucien": {
    "idle": {
      "bodyW": 17.77777777777777,
      "bodyH": 26.111111111111114,
      "offsetX": 56.22222222222223,
      "offsetY": 100.66666666666666
    },
    "attack": {
      "bodyW": 43.33333333333333,
      "bodyH": 75,
      "offsetX": 56.22222222222223,
      "offsetY": 51.77777777777777,
      "attackW": 40,
      "attackH": 26.666666666666664,
      "attackOx": 75,
      "attackOy": 66.11111111111111,
      "attackFrame": 4
    },
    "walk": {
      "bodyW": 17.77777777777777,
      "bodyH": 26.111111111111114,
      "offsetX": 43.44444444444445,
      "offsetY": 98.99999999999999
    },
    "hurt": {
      "bodyW": 17.77777777777777,
      "bodyH": 30.555555555555557,
      "offsetX": 52.33333333333334,
      "offsetY": 92.88888888888889
    }
  },
  "lyra": {
    "attack": {
      "bodyW": 30,
      "bodyH": 40,
      "offsetX": 35,
      "offsetY": 30,
      "attackW": 10,
      "attackH": 9.333333333333332,
      "attackOx": 68.66666666666669,
      "attackOy": 34,
      "attackFrame": 5
    }
  }
}