{
  "lucien": {
    "idle": {
      "bodyW": 17.77777777777777,
      "bodyH": 26.111111111111114,
      "offsetX": 56.22222222222223,
      "offsetY": 100.66666666666666
    },
    "attack": {
      "bodyW": 43.33333333333333,
      "bodyH": 75,
      "offsetX": 56.22222222222223,
      "offsetY": 51.77777777777777,
      "attackW": 40,
      "attackH": 26.666666666666664,
      "attackOx": 75,
      "attackOy": 66.11111111111111,
      "attackFrame": 4
    },
    "walk": {
      "bodyW": 17.77777777777777,
      "bodyH": 26.111111111111114,
      "offsetX": 43.44444444444445,
      "offsetY": 98.99999999999999
    },
    "hurt": {
      "bodyW": 17.77777777777777,
      "bodyH": 30.555555555555557,
      "offsetX": 52.33333333333334,
      "offsetY": 92.88888888888889
    }
  },
  "lyra": {
    "attack": {
      "bodyW": 30,
      "bodyH": 40,
      "offsetX": 35,
      "offsetY": 30,
      "attackW": 10,
      "attackH": 9.333333333333332,
      "attackOx": 68.66666666666669,
      "attackOy": 34,
      "attackFrame": 5
    },
    "stats": {
      "hp": 40,
      "attack": 45,
      "speed": 80,
      "attackType": "ranged",
      "attackRange": 120
    },
    "walk": {
      "bodyW": 12.999999999999998,
      "bodyH": 14.333333333333332,
      "offsetX": 42.66666666666667,
      "offsetY": 52.66666666666667,
      "attackW": 40,
      "attackH": 40,
      "attackOx": 0,
      "attackOy": 0,
      "attackFrame": 1
    }
  },
  "lunaria": {
    "attack": {
      "bodyW": 30,
      "bodyH": 40,
      "offsetX": 55,
      "offsetY": 50,
      "attackW": 12.666666666666668,
      "attackH": 11.333333333333332,
      "attackOx": 100,
      "attackOy": 50.66666666666667,
      "attackFrame": 10,
      "proj": {
        "enabled": true,
        "texture": "lunaria_proj",
        "path": "/characters/lunaria/projectile/moving.png",
        "speed": 400,
        "size": 10,
        "animated": true,
        "fw": 50,
        "fh": 50,
        "fc": 4,
        "explodePath": "",
        "efw": 50,
        "efh": 50,
        "efc": 6
      }
    },
    "stats": {
      "hp": 180,
      "attack": 1,
      "speed": 90,
      "attackType": "ranged",
      "attackRange": 150
    },
    "idle": {
      "bodyW": 30,
      "bodyH": 40,
      "offsetX": 55,
      "offsetY": 50,
      "attackW": 40,
      "attackH": 40,
      "attackOx": 0,
      "attackOy": 0,
      "attackFrame": 1
    }
  },
  "blood": {
    "stats": {
      "hp": 80,
      "attack": 15,
      "speed": 100,
      "attackType": "melee",
      "attackRange": 0
    },
    "attack": {
      "bodyW": 15,
      "bodyH": 20,
      "offsetX": 42.5,
      "offsetY": 40,
      "attackW": 11.5,
      "attackH": 30,
      "attackOx": 60.49999999999999,
      "attackOy": 30.333333333333332,
      "attackFrame": 5
    }
  },
  "slime": {
    "stats": {
      "hp": 50,
      "attack": 10,
      "speed": 80,
      "attackType": "melee",
      "attackRange": 0
    },
    "attack": {
      "bodyW": 15,
      "bodyH": 20,
      "offsetX": 40.5,
      "offsetY": 38,
      "attackW": 32,
      "attackH": 6.666666666666664,
      "attackOx": 47.83333333333333,
      "attackOy": 48.00000000000001,
      "attackFrame": 5
    }
  },
  "demon": {
    "stats": {
      "hp": 120,
      "attack": 25,
      "speed": 90,
      "attackType": "melee",
      "attackRange": 0
    },
    "attack": {
      "bodyW": 15,
      "bodyH": 20,
      "offsetX": 42.5,
      "offsetY": 40,
      "attackW": 19.666666666666668,
      "attackH": 5,
      "attackOx": 59.16666666666667,
      "attackOy": 50.50000000000001,
      "attackFrame": 6
    }
  },
  "kaizer": {
    "stats": {
      "hp": 250,
      "attack": 30,
      "speed": 120,
      "attackType": "melee",
      "attackRange": 0
    },
    "idle": {
      "bodyW": 30,
      "bodyH": 40,
      "offsetX": 110,
      "offsetY": 105,
      "attackW": 40,
      "attackH": 40,
      "attackOx": 0,
      "attackOy": 0,
      "attackFrame": 1
    }
  },
  "orc": {
    "stats": {
      "hp": 150,
      "attack": 30,
      "speed": 70,
      "attackType": "melee",
      "attackRange": 0
    },
    "attack": {
      "bodyW": 15,
      "bodyH": 20,
      "offsetX": 42.5,
      "offsetY": 40,
      "attackW": 14.333333333333332,
      "attackH": 13.333333333333334,
      "attackOx": 61.5,
      "attackOy": 48.166666666666664,
      "attackFrame": 4
    }
  },
  "shifu": {
    "stats": {
      "hp": 100,
      "attack": 25,
      "speed": 180,
      "attackType": "melee",
      "attackRange": 0
    },
    "attack": {
      "bodyW": 37.5,
      "bodyH": 50,
      "offsetX": 81.25,
      "offsetY": 75,
      "attackW": 96.66666666666666,
      "attackH": 66.25,
      "attackOx": 92.91666666666666,
      "attackOy": 52.49999999999999,
      "attackFrame": 5
    },
    "attack2": {
      "bodyW": 37.5,
      "bodyH": 50,
      "offsetX": 81.25,
      "offsetY": 75,
      "attackW": 109.99999999999999,
      "attackH": 48.33333333333333,
      "attackOx": 84.16666666666666,
      "attackOy": 69.58333333333333,
      "attackFrame": 5
    },
    "idle": {
      "bodyW": 10.416666666666671,
      "bodyH": 23.333333333333336,
      "offsetX": 96.66666666666666,
      "offsetY": 98.75,
      "attackW": 40,
      "attackH": 40,
      "attackOx": 0,
      "attackOy": 0,
      "attackFrame": 1
    },
    "walk": {
      "bodyW": 10.416666666666671,
      "bodyH": 23.333333333333336,
      "offsetX": 96.66666666666666,
      "offsetY": 98.75,
      "attackW": 40,
      "attackH": 40,
      "attackOx": 0,
      "attackOy": 0,
      "attackFrame": 1
    }
  }
}